epoch,lr-AdamW/encoder,lr-AdamW/physical_filters,lr-AdamW/temperature,model/trainable_parameters,step,train/loss_branch,train/loss_branch_contour,train/loss_branch_edge,train/loss_branch_stable,train/loss_epoch,train/loss_orientation,train/loss_pp_fused,train/loss_step,train/peak_allocated_gib,train/peak_reserved_gib,train/samples_per_second,train/temperature,val/all_entropy,val/all_hard_negative_similarity,val/all_margin,val/all_normalized_entropy,val/all_positive_similarity,val/all_r0,val/all_r1,val/branch/contour/all_entropy,val/branch/contour/all_hard_negative_similarity,val/branch/contour/all_margin,val/branch/contour/all_normalized_entropy,val/branch/contour/all_positive_similarity,val/branch/contour/all_r0,val/branch/contour/all_r1,val/branch/contour/pitch_entropy,val/branch/contour/pitch_hard_negative_similarity,val/branch/contour/pitch_margin,val/branch/contour/pitch_normalized_entropy,val/branch/contour/pitch_positive_similarity,val/branch/contour/pitch_r0,val/branch/contour/pitch_r1,val/branch/contour/roll_entropy,val/branch/contour/roll_hard_negative_similarity,val/branch/contour/roll_margin,val/branch/contour/roll_normalized_entropy,val/branch/contour/roll_positive_similarity,val/branch/contour/roll_r0,val/branch/contour/roll_r1,val/branch/contour/scale_entropy,val/branch/contour/scale_hard_negative_similarity,val/branch/contour/scale_margin,val/branch/contour/scale_normalized_entropy,val/branch/contour/scale_positive_similarity,val/branch/contour/scale_r0,val/branch/contour/scale_r1,val/branch/contour/translation_entropy,val/branch/contour/translation_hard_negative_similarity,val/branch/contour/translation_margin,val/branch/contour/translation_normalized_entropy,val/branch/contour/translation_positive_similarity,val/branch/contour/translation_r0,val/branch/contour/translation_r1,val/branch/contour/yaw_entropy,val/branch/contour/yaw_hard_negative_similarity,val/branch/contour/yaw_margin,val/branch/contour/yaw_normalized_entropy,val/branch/contour/yaw_positive_similarity,val/branch/contour/yaw_r0,val/branch/contour/yaw_r1,val/branch/edge/all_entropy,val/branch/edge/all_hard_negative_similarity,val/branch/edge/all_margin,val/branch/edge/all_normalized_entropy,val/branch/edge/all_positive_similarity,val/branch/edge/all_r0,val/branch/edge/all_r1,val/branch/edge/pitch_entropy,val/branch/edge/pitch_hard_negative_similarity,val/branch/edge/pitch_margin,val/branch/edge/pitch_normalized_entropy,val/branch/edge/pitch_positive_similarity,val/branch/edge/pitch_r0,val/branch/edge/pitch_r1,val/branch/edge/roll_entropy,val/branch/edge/roll_hard_negative_similarity,val/branch/edge/roll_margin,val/branch/edge/roll_normalized_entropy,val/branch/edge/roll_positive_similarity,val/branch/edge/roll_r0,val/branch/edge/roll_r1,val/branch/edge/scale_entropy,val/branch/edge/scale_hard_negative_similarity,val/branch/edge/scale_margin,val/branch/edge/scale_normalized_entropy,val/branch/edge/scale_positive_similarity,val/branch/edge/scale_r0,val/branch/edge/scale_r1,val/branch/edge/translation_entropy,val/branch/edge/translation_hard_negative_similarity,val/branch/edge/translation_margin,val/branch/edge/translation_normalized_entropy,val/branch/edge/translation_positive_similarity,val/branch/edge/translation_r0,val/branch/edge/translation_r1,val/branch/edge/yaw_entropy,val/branch/edge/yaw_hard_negative_similarity,val/branch/edge/yaw_margin,val/branch/edge/yaw_normalized_entropy,val/branch/edge/yaw_positive_similarity,val/branch/edge/yaw_r0,val/branch/edge/yaw_r1,val/branch/stable/all_entropy,val/branch/stable/all_hard_negative_similarity,val/branch/stable/all_margin,val/branch/stable/all_normalized_entropy,val/branch/stable/all_positive_similarity,val/branch/stable/all_r0,val/branch/stable/all_r1,val/branch/stable/pitch_entropy,val/branch/stable/pitch_hard_negative_similarity,val/branch/stable/pitch_margin,val/branch/stable/pitch_normalized_entropy,val/branch/stable/pitch_positive_similarity,val/branch/stable/pitch_r0,val/branch/stable/pitch_r1,val/branch/stable/roll_entropy,val/branch/stable/roll_hard_negative_similarity,val/branch/stable/roll_margin,val/branch/stable/roll_normalized_entropy,val/branch/stable/roll_positive_similarity,val/branch/stable/roll_r0,val/branch/stable/roll_r1,val/branch/stable/scale_entropy,val/branch/stable/scale_hard_negative_similarity,val/branch/stable/scale_margin,val/branch/stable/scale_normalized_entropy,val/branch/stable/scale_positive_similarity,val/branch/stable/scale_r0,val/branch/stable/scale_r1,val/branch/stable/translation_entropy,val/branch/stable/translation_hard_negative_similarity,val/branch/stable/translation_margin,val/branch/stable/translation_normalized_entropy,val/branch/stable/translation_positive_similarity,val/branch/stable/translation_r0,val/branch/stable/translation_r1,val/branch/stable/yaw_entropy,val/branch/stable/yaw_hard_negative_similarity,val/branch/stable/yaw_margin,val/branch/stable/yaw_normalized_entropy,val/branch/stable/yaw_positive_similarity,val/branch/stable/yaw_r0,val/branch/stable/yaw_r1,val/confidence_low,val/confidence_mean,val/confidence_q25,val/confidence_q50,val/confidence_q75,val/expert_weights_0_mean,val/expert_weights_0_std,val/expert_weights_1_mean,val/expert_weights_1_std,val/expert_weights_2_mean,val/expert_weights_2_std,val/expert_weights_entropy,val/loss_branch,val/loss_branch_contour,val/loss_branch_edge,val/loss_branch_stable,val/loss_fused,val/loss_orientation,val/loss_total,val/pitch_entropy,val/pitch_hard_negative_similarity,val/pitch_margin,val/pitch_normalized_entropy,val/pitch_positive_similarity,val/pitch_r0,val/pitch_r1,val/roll_entropy,val/roll_hard_negative_similarity,val/roll_margin,val/roll_normalized_entropy,val/roll_positive_similarity,val/roll_r0,val/roll_r1,val/scale_entropy,val/scale_hard_negative_similarity,val/scale_margin,val/scale_normalized_entropy,val/scale_positive_similarity,val/scale_r0,val/scale_r1,val/scale_weights_0_mean,val/scale_weights_0_std,val/scale_weights_1_mean,val/scale_weights_1_std,val/scale_weights_2_mean,val/scale_weights_2_std,val/scale_weights_entropy,val/translation_entropy,val/translation_hard_negative_similarity,val/translation_margin,val/translation_normalized_entropy,val/translation_positive_similarity,val/translation_r0,val/translation_r1,val/yaw_entropy,val/yaw_hard_negative_similarity,val/yaw_margin,val/yaw_normalized_entropy,val/yaw_positive_similarity,val/yaw_r0,val/yaw_r1
,0.0001,1e-05,0.0001,,0,,,,,,,,,,,,,,,,,,,,,,,,,,,,,,,,,,,,,,,,,,,,,,,,,,,,,,,,,,,,,,,,,,,,,,,,,,,,,,,,,,,,,,,,,,,,,,,,,,,,,,,,,,,,,,,,,,,,,,,,,,,,,,,,,,,,,,,,,,,,,,,,,,,,,,,,,,,,,,,,,,,,,,,,,,,,,,,,,,,,,,,,,,,,,,,,,,,,,,,,,,,,,,
0,,,,,49,,,,,,,,10.269920349121094,,,,,,,,,,,,,,,,,,,,,,,,,,,,,,,,,,,,,,,,,,,,,,,,,,,,,,,,,,,,,,,,,,,,,,,,,,,,,,,,,,,,,,,,,,,,,,,,,,,,,,,,,,,,,,,,,,,,,,,,,,,,,,,,,,,,,,,,,,,,,,,,,,,,,,,,,,,,,,,,,,,,,,,,,,,,,,,,,,,,,,,,,,,,,,,,,,,,,,
0,,,,,99,,,,,,,,7.063401222229004,,,,,,,,,,,,,,,,,,,,,,,,,,,,,,,,,,,,,,,,,,,,,,,,,,,,,,,,,,,,,,,,,,,,,,,,,,,,,,,,,,,,,,,,,,,,,,,,,,,,,,,,,,,,,,,,,,,,,,,,,,,,,,,,,,,,,,,,,,,,,,,,,,,,,,,,,,,,,,,,,,,,,,,,,,,,,,,,,,,,,,,,,,,,,,,,,,,,,,
0,,,,,149,,,,,,,,8.995050430297852,,,,,,,,,,,,,,,,,,,,,,,,,,,,,,,,,,,,,,,,,,,,,,,,,,,,,,,,,,,,,,,,,,,,,,,,,,,,,,,,,,,,,,,,,,,,,,,,,,,,,,,,,,,,,,,,,,,,,,,,,,,,,,,,,,,,,,,,,,,,,,,,,,,,,,,,,,,,,,,,,,,,,,,,,,,,,,,,,,,,,,,,,,,,,,,,,,,,,,
0,,,,,199,,,,,,,,6.786554336547852,,,,,,,,,,,,,,,,,,,,,,,,,,,,,,,,,,,,,,,,,,,,,,,,,,,,,,,,,,,,,,,,,,,,,,,,,,,,,,,,,,,,,,,,,,,,,,,,,,,,,,,,,,,,,,,,,,,,,,,,,,,,,,,,,,,,,,,,,,,,,,,,,,,,,,,,,,,,,,,,,,,,,,,,,,,,,,,,,,,,,,,,,,,,,,,,,,,,,,
0,,,,,249,,,,,,,,4.374495983123779,,,,,,,,,,,,,,,,,,,,,,,,,,,,,,,,,,,,,,,,,,,,,,,,,,,,,,,,,,,,,,,,,,,,,,,,,,,,,,,,,,,,,,,,,,,,,,,,,,,,,,,,,,,,,,,,,,,,,,,,,,,,,,,,,,,,,,,,,,,,,,,,,,,,,,,,,,,,,,,,,,,,,,,,,,,,,,,,,,,,,,,,,,,,,,,,,,,,,,
0,,,,,299,,,,,,,,5.348385334014893,,,,,,,,,,,,,,,,,,,,,,,,,,,,,,,,,,,,,,,,,,,,,,,,,,,,,,,,,,,,,,,,,,,,,,,,,,,,,,,,,,,,,,,,,,,,,,,,,,,,,,,,,,,,,,,,,,,,,,,,,,,,,,,,,,,,,,,,,,,,,,,,,,,,,,,,,,,,,,,,,,,,,,,,,,,,,,,,,,,,,,,,,,,,,,,,,,,,,,
0,,,,,349,,,,,,,,3.0965490341186523,,,,,,,,,,,,,,,,,,,,,,,,,,,,,,,,,,,,,,,,,,,,,,,,,,,,,,,,,,,,,,,,,,,,,,,,,,,,,,,,,,,,,,,,,,,,,,,,,,,,,,,,,,,,,,,,,,,,,,,,,,,,,,,,,,,,,,,,,,,,,,,,,,,,,,,,,,,,,,,,,,,,,,,,,,,,,,,,,,,,,,,,,,,,,,,,,,,,,,
0,,,,,399,,,,,,,,5.124034881591797,,,,,,,,,,,,,,,,,,,,,,,,,,,,,,,,,,,,,,,,,,,,,,,,,,,,,,,,,,,,,,,,,,,,,,,,,,,,,,,,,,,,,,,,,,,,,,,,,,,,,,,,,,,,,,,,,,,,,,,,,,,,,,,,,,,,,,,,,,,,,,,,,,,,,,,,,,,,,,,,,,,,,,,,,,,,,,,,,,,,,,,,,,,,,,,,,,,,,,
0,,,,,449,,,,,,,,4.436321258544922,,,,,,,,,,,,,,,,,,,,,,,,,,,,,,,,,,,,,,,,,,,,,,,,,,,,,,,,,,,,,,,,,,,,,,,,,,,,,,,,,,,,,,,,,,,,,,,,,,,,,,,,,,,,,,,,,,,,,,,,,,,,,,,,,,,,,,,,,,,,,,,,,,,,,,,,,,,,,,,,,,,,,,,,,,,,,,,,,,,,,,,,,,,,,,,,,,,,,,
0,,,,,499,,,,,,,,4.594698905944824,,,,,,,,,,,,,,,,,,,,,,,,,,,,,,,,,,,,,,,,,,,,,,,,,,,,,,,,,,,,,,,,,,,,,,,,,,,,,,,,,,,,,,,,,,,,,,,,,,,,,,,,,,,,,,,,,,,,,,,,,,,,,,,,,,,,,,,,,,,,,,,,,,,,,,,,,,,,,,,,,,,,,,,,,,,,,,,,,,,,,,,,,,,,,,,,,,,,,,
0,,,,,549,,,,,,,,4.219179630279541,,,,,,,,,,,,,,,,,,,,,,,,,,,,,,,,,,,,,,,,,,,,,,,,,,,,,,,,,,,,,,,,,,,,,,,,,,,,,,,,,,,,,,,,,,,,,,,,,,,,,,,,,,,,,,,,,,,,,,,,,,,,,,,,,,,,,,,,,,,,,,,,,,,,,,,,,,,,,,,,,,,,,,,,,,,,,,,,,,,,,,,,,,,,,,,,,,,,,,
0,,,,,599,,,,,,,,3.202061653137207,,,,,,,,,,,,,,,,,,,,,,,,,,,,,,,,,,,,,,,,,,,,,,,,,,,,,,,,,,,,,,,,,,,,,,,,,,,,,,,,,,,,,,,,,,,,,,,,,,,,,,,,,,,,,,,,,,,,,,,,,,,,,,,,,,,,,,,,,,,,,,,,,,,,,,,,,,,,,,,,,,,,,,,,,,,,,,,,,,,,,,,,,,,,,,,,,,,,,,
0,,,,,649,,,,,,,,4.765530586242676,,,,,,,,,,,,,,,,,,,,,,,,,,,,,,,,,,,,,,,,,,,,,,,,,,,,,,,,,,,,,,,,,,,,,,,,,,,,,,,,,,,,,,,,,,,,,,,,,,,,,,,,,,,,,,,,,,,,,,,,,,,,,,,,,,,,,,,,,,,,,,,,,,,,,,,,,,,,,,,,,,,,,,,,,,,,,,,,,,,,,,,,,,,,,,,,,,,,,,
0,,,,,699,,,,,,,,3.7751004695892334,,,,,,,,,,,,,,,,,,,,,,,,,,,,,,,,,,,,,,,,,,,,,,,,,,,,,,,,,,,,,,,,,,,,,,,,,,,,,,,,,,,,,,,,,,,,,,,,,,,,,,,,,,,,,,,,,,,,,,,,,,,,,,,,,,,,,,,,,,,,,,,,,,,,,,,,,,,,,,,,,,,,,,,,,,,,,,,,,,,,,,,,,,,,,,,,,,,,,,
0,,,,,749,,,,,,,,2.7339634895324707,,,,,,,,,,,,,,,,,,,,,,,,,,,,,,,,,,,,,,,,,,,,,,,,,,,,,,,,,,,,,,,,,,,,,,,,,,,,,,,,,,,,,,,,,,,,,,,,,,,,,,,,,,,,,,,,,,,,,,,,,,,,,,,,,,,,,,,,,,,,,,,,,,,,,,,,,,,,,,,,,,,,,,,,,,,,,,,,,,,,,,,,,,,,,,,,,,,,,,
0,,,,,799,,,,,,,,3.028409242630005,,,,,,,,,,,,,,,,,,,,,,,,,,,,,,,,,,,,,,,,,,,,,,,,,,,,,,,,,,,,,,,,,,,,,,,,,,,,,,,,,,,,,,,,,,,,,,,,,,,,,,,,,,,,,,,,,,,,,,,,,,,,,,,,,,,,,,,,,,,,,,,,,,,,,,,,,,,,,,,,,,,,,,,,,,,,,,,,,,,,,,,,,,,,,,,,,,,,,,
0,,,,,849,,,,,,,,3.8907041549682617,,,,,,,,,,,,,,,,,,,,,,,,,,,,,,,,,,,,,,,,,,,,,,,,,,,,,,,,,,,,,,,,,,,,,,,,,,,,,,,,,,,,,,,,,,,,,,,,,,,,,,,,,,,,,,,,,,,,,,,,,,,,,,,,,,,,,,,,,,,,,,,,,,,,,,,,,,,,,,,,,,,,,,,,,,,,,,,,,,,,,,,,,,,,,,,,,,,,,,
0,,,,,899,,,,,,,,3.064873695373535,,,,,,,,,,,,,,,,,,,,,,,,,,,,,,,,,,,,,,,,,,,,,,,,,,,,,,,,,,,,,,,,,,,,,,,,,,,,,,,,,,,,,,,,,,,,,,,,,,,,,,,,,,,,,,,,,,,,,,,,,,,,,,,,,,,,,,,,,,,,,,,,,,,,,,,,,,,,,,,,,,,,,,,,,,,,,,,,,,,,,,,,,,,,,,,,,,,,,,
0,,,,,949,,,,,,,,3.8046488761901855,,,,,,,,,,,,,,,,,,,,,,,,,,,,,,,,,,,,,,,,,,,,,,,,,,,,,,,,,,,,,,,,,,,,,,,,,,,,,,,,,,,,,,,,,,,,,,,,,,,,,,,,,,,,,,,,,,,,,,,,,,,,,,,,,,,,,,,,,,,,,,,,,,,,,,,,,,,,,,,,,,,,,,,,,,,,,,,,,,,,,,,,,,,,,,,,,,,,,,
0,,,,,999,,,,,,,,4.988017559051514,,,,,,,,,,,,,,,,,,,,,,,,,,,,,,,,,,,,,,,,,,,,,,,,,,,,,,,,,,,,,,,,,,,,,,,,,,,,,,,,,,,,,,,,,,,,,,,,,,,,,,,,,,,,,,,,,,,,,,,,,,,,,,,,,,,,,,,,,,,,,,,,,,,,,,,,,,,,,,,,,,,,,,,,,,,,,,,,,,,,,,,,,,,,,,,,,,,,,,
0,,,,,1049,,,,,,,,3.83648419380188,,,,,,,,,,,,,,,,,,,,,,,,,,,,,,,,,,,,,,,,,,,,,,,,,,,,,,,,,,,,,,,,,,,,,,,,,,,,,,,,,,,,,,,,,,,,,,,,,,,,,,,,,,,,,,,,,,,,,,,,,,,,,,,,,,,,,,,,,,,,,,,,,,,,,,,,,,,,,,,,,,,,,,,,,,,,,,,,,,,,,,,,,,,,,,,,,,,,,,
0,,,,,1099,,,,,,,,3.4610536098480225,,,,,,,,,,,,,,,,,,,,,,,,,,,,,,,,,,,,,,,,,,,,,,,,,,,,,,,,,,,,,,,,,,,,,,,,,,,,,,,,,,,,,,,,,,,,,,,,,,,,,,,,,,,,,,,,,,,,,,,,,,,,,,,,,,,,,,,,,,,,,,,,,,,,,,,,,,,,,,,,,,,,,,,,,,,,,,,,,,,,,,,,,,,,,,,,,,,,,,
0,,,,,1149,,,,,,,,2.666576623916626,,,,,,,,,,,,,,,,,,,,,,,,,,,,,,,,,,,,,,,,,,,,,,,,,,,,,,,,,,,,,,,,,,,,,,,,,,,,,,,,,,,,,,,,,,,,,,,,,,,,,,,,,,,,,,,,,,,,,,,,,,,,,,,,,,,,,,,,,,,,,,,,,,,,,,,,,,,,,,,,,,,,,,,,,,,,,,,,,,,,,,,,,,,,,,,,,,,,,,
0,,,,,1199,,,,,,,,3.0771594047546387,,,,,,,,,,,,,,,,,,,,,,,,,,,,,,,,,,,,,,,,,,,,,,,,,,,,,,,,,,,,,,,,,,,,,,,,,,,,,,,,,,,,,,,,,,,,,,,,,,,,,,,,,,,,,,,,,,,,,,,,,,,,,,,,,,,,,,,,,,,,,,,,,,,,,,,,,,,,,,,,,,,,,,,,,,,,,,,,,,,,,,,,,,,,,,,,,,,,,,
0,,,,,1249,,,,,,,,3.906252861022949,,,,,,,,,,,,,,,,,,,,,,,,,,,,,,,,,,,,,,,,,,,,,,,,,,,,,,,,,,,,,,,,,,,,,,,,,,,,,,,,,,,,,,,,,,,,,,,,,,,,,,,,,,,,,,,,,,,,,,,,,,,,,,,,,,,,,,,,,,,,,,,,,,,,,,,,,,,,,,,,,,,,,,,,,,,,,,,,,,,,,,,,,,,,,,,,,,,,,,
0,,,,,1299,,,,,,,,3.0480353832244873,,,,,,,,,,,,,,,,,,,,,,,,,,,,,,,,,,,,,,,,,,,,,,,,,,,,,,,,,,,,,,,,,,,,,,,,,,,,,,,,,,,,,,,,,,,,,,,,,,,,,,,,,,,,,,,,,,,,,,,,,,,,,,,,,,,,,,,,,,,,,,,,,,,,,,,,,,,,,,,,,,,,,,,,,,,,,,,,,,,,,,,,,,,,,,,,,,,,,,
0,,,,,1349,,,,,,,,3.0489234924316406,,,,,,,,,,,,,,,,,,,,,,,,,,,,,,,,,,,,,,,,,,,,,,,,,,,,,,,,,,,,,,,,,,,,,,,,,,,,,,,,,,,,,,,,,,,,,,,,,,,,,,,,,,,,,,,,,,,,,,,,,,,,,,,,,,,,,,,,,,,,,,,,,,,,,,,,,,,,,,,,,,,,,,,,,,,,,,,,,,,,,,,,,,,,,,,,,,,,,,
0,,,,,1399,,,,,,,,2.980652332305908,,,,,,,,,,,,,,,,,,,,,,,,,,,,,,,,,,,,,,,,,,,,,,,,,,,,,,,,,,,,,,,,,,,,,,,,,,,,,,,,,,,,,,,,,,,,,,,,,,,,,,,,,,,,,,,,,,,,,,,,,,,,,,,,,,,,,,,,,,,,,,,,,,,,,,,,,,,,,,,,,,,,,,,,,,,,,,,,,,,,,,,,,,,,,,,,,,,,,,
0,,,,,1449,,,,,,,,3.812805414199829,,,,,,,,,,,,,,,,,,,,,,,,,,,,,,,,,,,,,,,,,,,,,,,,,,,,,,,,,,,,,,,,,,,,,,,,,,,,,,,,,,,,,,,,,,,,,,,,,,,,,,,,,,,,,,,,,,,,,,,,,,,,,,,,,,,,,,,,,,,,,,,,,,,,,,,,,,,,,,,,,,,,,,,,,,,,,,,,,,,,,,,,,,,,,,,,,,,,,,
0,,,,,1499,,,,,,,,4.265462398529053,,,,,,,,,,,,,,,,,,,,,,,,,,,,,,,,,,,,,,,,,,,,,,,,,,,,,,,,,,,,,,,,,,,,,,,,,,,,,,,,,,,,,,,,,,,,,,,,,,,,,,,,,,,,,,,,,,,,,,,,,,,,,,,,,,,,,,,,,,,,,,,,,,,,,,,,,,,,,,,,,,,,,,,,,,,,,,,,,,,,,,,,,,,,,,,,,,,,,,
0,,,,,1549,,,,,,,,3.8421542644500732,,,,,,,,,,,,,,,,,,,,,,,,,,,,,,,,,,,,,,,,,,,,,,,,,,,,,,,,,,,,,,,,,,,,,,,,,,,,,,,,,,,,,,,,,,,,,,,,,,,,,,,,,,,,,,,,,,,,,,,,,,,,,,,,,,,,,,,,,,,,,,,,,,,,,,,,,,,,,,,,,,,,,,,,,,,,,,,,,,,,,,,,,,,,,,,,,,,,,,
0,,,,,1599,,,,,,,,2.7812750339508057,,,,,,,,,,,,,,,,,,,,,,,,,,,,,,,,,,,,,,,,,,,,,,,,,,,,,,,,,,,,,,,,,,,,,,,,,,,,,,,,,,,,,,,,,,,,,,,,,,,,,,,,,,,,,,,,,,,,,,,,,,,,,,,,,,,,,,,,,,,,,,,,,,,,,,,,,,,,,,,,,,,,,,,,,,,,,,,,,,,,,,,,,,,,,,,,,,,,,,
0,,,,,1649,,,,,,,,2.9978673458099365,,,,,,,,,,,,,,,,,,,,,,,,,,,,,,,,,,,,,,,,,,,,,,,,,,,,,,,,,,,,,,,,,,,,,,,,,,,,,,,,,,,,,,,,,,,,,,,,,,,,,,,,,,,,,,,,,,,,,,,,,,,,,,,,,,,,,,,,,,,,,,,,,,,,,,,,,,,,,,,,,,,,,,,,,,,,,,,,,,,,,,,,,,,,,,,,,,,,,,
0,,,,,1699,,,,,,,,2.239607572555542,,,,,,,,,,,,,,,,,,,,,,,,,,,,,,,,,,,,,,,,,,,,,,,,,,,,,,,,,,,,,,,,,,,,,,,,,,,,,,,,,,,,,,,,,,,,,,,,,,,,,,,,,,,,,,,,,,,,,,,,,,,,,,,,,,,,,,,,,,,,,,,,,,,,,,,,,,,,,,,,,,,,,,,,,,,,,,,,,,,,,,,,,,,,,,,,,,,,,,
0,,,,,1749,,,,,,,,4.02695894241333,,,,,,,,,,,,,,,,,,,,,,,,,,,,,,,,,,,,,,,,,,,,,,,,,,,,,,,,,,,,,,,,,,,,,,,,,,,,,,,,,,,,,,,,,,,,,,,,,,,,,,,,,,,,,,,,,,,,,,,,,,,,,,,,,,,,,,,,,,,,,,,,,,,,,,,,,,,,,,,,,,,,,,,,,,,,,,,,,,,,,,,,,,,,,,,,,,,,,,
0,,,,,1799,,,,,,,,3.88372802734375,,,,,,,,,,,,,,,,,,,,,,,,,,,,,,,,,,,,,,,,,,,,,,,,,,,,,,,,,,,,,,,,,,,,,,,,,,,,,,,,,,,,,,,,,,,,,,,,,,,,,,,,,,,,,,,,,,,,,,,,,,,,,,,,,,,,,,,,,,,,,,,,,,,,,,,,,,,,,,,,,,,,,,,,,,,,,,,,,,,,,,,,,,,,,,,,,,,,,,
0,,,,,1849,,,,,,,,4.505173206329346,,,,,,,,,,,,,,,,,,,,,,,,,,,,,,,,,,,,,,,,,,,,,,,,,,,,,,,,,,,,,,,,,,,,,,,,,,,,,,,,,,,,,,,,,,,,,,,,,,,,,,,,,,,,,,,,,,,,,,,,,,,,,,,,,,,,,,,,,,,,,,,,,,,,,,,,,,,,,,,,,,,,,,,,,,,,,,,,,,,,,,,,,,,,,,,,,,,,,,
0,,,,,1899,,,,,,,,3.557990074157715,,,,,,,,,,,,,,,,,,,,,,,,,,,,,,,,,,,,,,,,,,,,,,,,,,,,,,,,,,,,,,,,,,,,,,,,,,,,,,,,,,,,,,,,,,,,,,,,,,,,,,,,,,,,,,,,,,,,,,,,,,,,,,,,,,,,,,,,,,,,,,,,,,,,,,,,,,,,,,,,,,,,,,,,,,,,,,,,,,,,,,,,,,,,,,,,,,,,,,
0,,,,,1949,,,,,,,,2.7912633419036865,,,,,,,,,,,,,,,,,,,,,,,,,,,,,,,,,,,,,,,,,,,,,,,,,,,,,,,,,,,,,,,,,,,,,,,,,,,,,,,,,,,,,,,,,,,,,,,,,,,,,,,,,,,,,,,,,,,,,,,,,,,,,,,,,,,,,,,,,,,,,,,,,,,,,,,,,,,,,,,,,,,,,,,,,,,,,,,,,,,,,,,,,,,,,,,,,,,,,,
0,,,,,1999,,,,,,,,2.90710186958313,,,,,,,,,,,,,,,,,,,,,,,,,,,,,,,,,,,,,,,,,,,,,,,,,,,,,,,,,,,,,,,,,,,,,,,,,,,,,,,,,,,,,,,,,,,,,,,,,,,,,,,,,,,,,,,,,,,,,,,,,,,,,,,,,,,,,,,,,,,,,,,,,,,,,,,,,,,,,,,,,,,,,,,,,,,,,,,,,,,,,,,,,,,,,,,,,,,,,,
0,,,,,2042,,,,,,,,,,,,,1.2258280515670776,0.6820569038391113,0.14315396547317505,0.14737467467784882,0.825210690498352,0.7445824146270752,0.8800147771835327,5.476273059844971,0.9006386995315552,0.007700983434915543,0.6583826541900635,0.9083395600318909,0.6324543356895447,0.7627271413803101,5.5072736740112305,0.9003453850746155,0.0016168189467862248,0.6621096730232239,0.9019621014595032,0.6121261715888977,0.7482690215110779,5.553961753845215,0.9007871747016907,-0.0004958896897733212,0.6677227020263672,0.9002912044525146,0.5754774808883667,0.7016276717185974,5.444411754608154,0.9008037447929382,0.014264334924519062,0.6545521020889282,0.9150679707527161,0.665558934211731,0.7890063524246216,5.373049259185791,0.9008371233940125,0.021001895889639854,0.6459726095199585,0.9218389391899109,0.6940402984619141,0.8243053555488586,5.509798526763916,0.900373101234436,0.0008648883667774498,0.6624132394790649,0.9012379050254822,0.6107224822044373,0.7469305992126465,5.440417289733887,0.908136248588562,-0.002029952360317111,0.6540718674659729,0.906106173992157,0.6070365309715271,0.7404916882514954,5.45571756362915,0.9077211618423462,-0.007092563435435295,0.655911386013031,0.900628387928009,0.590969979763031,0.731211245059967,5.530186176300049,0.9083525538444519,-0.011810013093054295,0.6648643612861633,0.8965424299240112,0.5313248038291931,0.6598984003067017,5.419529914855957,0.9084646701812744,0.005218422040343285,0.6515607237815857,0.9136829972267151,0.6449626684188843,0.7715985178947449,5.348237991333008,0.9083546996116638,0.011174831539392471,0.6429896950721741,0.9195294380187988,0.6752407550811768,0.8084293603897095,5.452467918395996,0.9077212810516357,-0.008794247172772884,0.6555207371711731,0.898926854133606,0.5888741612434387,0.7284551858901978,5.026782512664795,0.9107159972190857,-0.004032328259199858,0.6043428778648376,0.9066834449768066,0.5573906302452087,0.757564127445221,5.050795078277588,0.9101134538650513,-0.011624189093708992,0.6072297096252441,0.8984889388084412,0.5283212065696716,0.7449453473091125,5.159571170806885,0.9104152917861938,-0.018724391236901283,0.6203073263168335,0.8916907906532288,0.4566631317138672,0.6631664037704468,5.008211135864258,0.9110695123672485,0.003530192654579878,0.6021100878715515,0.9145995378494263,0.593330442905426,0.7889499664306641,4.8659348487854,0.9116500616073608,0.01738620176911354,0.585004985332489,0.929036021232605,0.6741763949394226,0.8430449366569519,5.05725622177124,0.9102274179458618,-0.012401178479194641,0.6080065369606018,0.8978259563446045,0.5275158882141113,0.7440576553344727,9.195458915201016e-06,0.894747793674469,0.8514935374259949,0.9040993452072144,0.9493938088417053,0.36972272396087646,0.02710144780576229,0.4005204439163208,0.027013350278139114,0.22975683212280273,0.02226109430193901,0.973084568977356,9.341111183166504,9.358829498291016,9.475982666015625,9.188519477844238,1.9277372360229492,0.058602459728717804,2.867708444595337,1.2704859972000122,0.6810213327407837,0.13231386244297028,0.1527436524629593,0.8133350610733032,0.7316727042198181,0.8711568713188171,1.418735146522522,0.682437002658844,0.12449441850185394,0.1705668419599533,0.80693119764328,0.7242151498794556,0.8723376393318176,1.1346545219421387,0.6826952695846558,0.1553320735692978,0.1364133656024933,0.8380271196365356,0.7660602927207947,0.8918936848640442,0.0028543288353830576,0.0003779386752285063,0.5824382901191711,0.05548077076673508,0.41470739245414734,0.055314622819423676,0.6276899576187134,1.037038803100586,0.6828176975250244,0.17115214467048645,0.12467756122350693,0.8539696931838989,0.7694863677024841,0.8945460319519043,1.2792237997055054,0.681148886680603,0.13008001446723938,0.15379415452480316,0.8112285733222961,0.7289063334465027,0.8683215975761414
0,,,,34927.0,2042,9.40179443359375,9.250576972961426,9.5392484664917,9.415603637695312,3.9057083129882812,0.05873022973537445,2.9596545696258545,,9.342714309692383,11.833984375,1.3186041116714478,0.045971404761075974,,,,,,,,,,,,,,,,,,,,,,,,,,,,,,,,,,,,,,,,,,,,,,,,,,,,,,,,,,,,,,,,,,,,,,,,,,,,,,,,,,,,,,,,,,,,,,,,,,,,,,,,,,,,,,,,,,,,,,,,,,,,,,,,,,,,,,,,,,,,,,,,,,,,,,,,,,,,,,,,,,,,,,,,,,,,,,,,,,,,,,,,,,,,,,,,,,
,9.939057285945933e-05,9.94459753267812e-06,9.939057285945933e-05,,2043,,,,,,,,,,,,,,,,,,,,,,,,,,,,,,,,,,,,,,,,,,,,,,,,,,,,,,,,,,,,,,,,,,,,,,,,,,,,,,,,,,,,,,,,,,,,,,,,,,,,,,,,,,,,,,,,,,,,,,,,,,,,,,,,,,,,,,,,,,,,,,,,,,,,,,,,,,,,,,,,,,,,,,,,,,,,,,,,,,,,,,,,,,,,,,,,,,,,,,,,,,,,,,
1,,,,,2049,,,,,,,,2.6989378929138184,,,,,,,,,,,,,,,,,,,,,,,,,,,,,,,,,,,,,,,,,,,,,,,,,,,,,,,,,,,,,,,,,,,,,,,,,,,,,,,,,,,,,,,,,,,,,,,,,,,,,,,,,,,,,,,,,,,,,,,,,,,,,,,,,,,,,,,,,,,,,,,,,,,,,,,,,,,,,,,,,,,,,,,,,,,,,,,,,,,,,,,,,,,,,,,,,,,,,,
